{
  "backend": "local-transformers",
  "categorical_exact_match": {
    "customer.plan_tier": 0.6666666666666666,
    "issue_category": 0.6666666666666666,
    "priority": 0.6666666666666666,
    "product_area": 0.6666666666666666,
    "requires_human_followup": 0.6666666666666666,
    "sentiment": 1.0
  },
  "config_path": "/content/drive/MyDrive/json-ft-source/configs/eval.yaml",
  "counts": {
    "hallucinated_prediction_count": 0,
    "json_recovery_count": 0,
    "json_valid_count": 3,
    "parse_failure_count": 0,
    "schema_failure_count": 0,
    "schema_validation_pass_count": 3
  },
  "dataset_path": "/content/drive/MyDrive/json-ft-source/data/manifests/support_tickets_eval_manifest.jsonl",
  "field_level": {
    "macro": {
      "f1": 0.6296296296296295,
      "precision": 0.6296296296296295,
      "recall": 0.6296296296296295
    },
    "micro": {
      "f1": 0.5964912280701754,
      "fn": 12,
      "fp": 11,
      "precision": 0.6071428571428571,
      "recall": 0.5862068965517241,
      "support": 29,
      "tp": 17
    },
    "per_field": {
      "actions_requested": {
        "f1": 0.0,
        "fn": 5,
        "fp": 4,
        "precision": 0.0,
        "recall": 0.0,
        "support": 5,
        "tp": 0
      },
      "customer.account_id": {
        "f1": 0.6666666666666666,
        "fn": 1,
        "fp": 1,
        "precision": 0.6666666666666666,
        "recall": 0.6666666666666666,
        "support": 3,
        "tp": 2
      },
      "customer.name": {
        "f1": 0.6666666666666666,
        "fn": 1,
        "fp": 1,
        "precision": 0.6666666666666666,
        "recall": 0.6666666666666666,
        "support": 3,
        "tp": 2
      },
      "customer.plan_tier": {
        "f1": 0.6666666666666666,
        "fn": 1,
        "fp": 1,
        "precision": 0.6666666666666666,
        "recall": 0.6666666666666666,
        "support": 3,
        "tp": 2
      },
      "issue_category": {
        "f1": 0.6666666666666666,
        "fn": 1,
        "fp": 1,
        "precision": 0.6666666666666666,
        "recall": 0.6666666666666666,
        "support": 3,
        "tp": 2
      },
      "priority": {
        "f1": 0.6666666666666666,
        "fn": 1,
        "fp": 1,
        "precision": 0.6666666666666666,
        "recall": 0.6666666666666666,
        "support": 3,
        "tp": 2
      },
      "product_area": {
        "f1": 0.6666666666666666,
        "fn": 1,
        "fp": 1,
        "precision": 0.6666666666666666,
        "recall": 0.6666666666666666,
        "support": 3,
        "tp": 2
      },
      "requires_human_followup": {
        "f1": 0.6666666666666666,
        "fn": 1,
        "fp": 1,
        "precision": 0.6666666666666666,
        "recall": 0.6666666666666666,
        "support": 3,
        "tp": 2
      },
      "sentiment": {
        "f1": 1.0,
        "fn": 0,
        "fp": 0,
        "precision": 1.0,
        "recall": 1.0,
        "support": 3,
        "tp": 3
      }
    }
  },
  "generation": {
    "do_sample": false,
    "max_new_tokens": 256,
    "temperature": 0.0,
    "top_p": 1.0
  },
  "hallucinated_field_rate": 0.0,
  "json_recovery_rate": 0.0,
  "json_validity_rate": 1.0,
  "latency_ms": {
    "max": 5151.339373999917,
    "mean": 4033.6954459999106,
    "min": 3384.0871509999033,
    "p50": 3565.659812999911,
    "p95": 5151.339373999917
  },
  "model_name_or_path": "Qwen/Qwen2.5-1.5B-Instruct",
  "parsed_prediction_count": 3,
  "prompt_source": "messages",
  "record_count": 3,
  "run_name": "baseline-qwen2.5-1.5b",
  "sample_limit": null,
  "schema": {
    "name": "support_ticket_extraction",
    "version": "1.0.0"
  },
  "schema_validation_pass_rate": 1.0,
  "stage": "baseline_eval"
}